Cellulose_pct,Hemicellulose_pct,Lignin_pct,Ash_pct,ParticleSize_mm,PyrolysisTemp_C,HeatingRate_Cmin,N2FlowRate_mLmin,BioOilYield_pct,Source
27.5,25.4,21.7,3.77,1.0,490.0,,,36.21,Zhao2024
27.5,25.4,21.7,3.77,1.5,490.0,,,33.18,Zhao2024
27.5,25.4,21.7,3.77,2.0,490.0,,,31.14,Zhao2024
37.8,25.3,23.3,9.5,5.0,491.0,,,67.81,Zhao2024
37.8,25.3,23.3,9.5,10.0,490.0,,,61.08,Zhao2024
37.8,25.3,23.3,9.5,5.0,487.0,,,64.11,Zhao2024
37.8,25.3,23.3,9.5,5.0,445.0,,,68.08,Zhao2024
41.0,26.5,25.3,1.8,0.9,410.0,,,67.04,Zhao2024
41.0,26.5,25.3,1.8,0.6,417.0,,,63.0,Zhao2024
36.5,26.2,24.1,10.8,5.0,350.0,,,33.27,Zhao2024
36.5,26.2,24.1,10.8,5.0,400.0,,,37.83,Zhao2024
36.5,26.2,24.1,10.8,5.0,450.0,,,41.31,Zhao2024
36.5,26.2,24.1,10.8,5.0,500.0,,,38.42,Zhao2024
48.34,11.3,31.45,2.3,0.75,277.0,,,40.39,Zhao2024
48.34,11.3,31.45,2.3,0.75,327.0,,,42.99,Zhao2024
48.34,11.3,31.45,2.3,0.75,377.0,,,46.17,Zhao2024
48.34,11.3,31.45,2.3,0.75,427.0,,,51.44,Zhao2024
48.34,11.3,31.45,2.3,0.75,477.0,,,46.6,Zhao2024
48.34,11.3,31.45,2.3,0.75,527.0,,,39.97,Zhao2024
19.72,30.32,30.92,7.4,0.6,277.0,,,36.52,Zhao2024
19.72,30.32,30.92,7.4,0.6,377.0,,,43.28,Zhao2024
19.72,30.32,30.92,7.4,0.6,427.0,,,47.55,Zhao2024
19.72,30.32,30.92,7.4,0.6,477.0,,,43.82,Zhao2024
19.72,30.32,30.92,7.4,0.6,527.0,,,35.96,Zhao2024
36.78,31.67,12.66,6.7,3.5,277.0,,,28.87,Zhao2024
36.78,31.67,12.66,6.7,3.5,327.0,,,27.68,Zhao2024
36.78,31.67,12.66,6.7,3.5,377.0,,,27.08,Zhao2024
36.78,31.67,12.66,6.7,3.5,427.0,,,27.98,Zhao2024
36.78,31.67,12.66,6.7,3.5,477.0,,,27.08,Zhao2024
36.78,31.67,12.66,6.7,3.5,527.0,,,24.4,Zhao2024
32.06,28.59,29.08,1.2,2.0,400.0,,,49.29,Zhao2024
32.06,28.59,29.08,1.2,2.0,500.0,,,57.95,Zhao2024
32.06,28.59,29.08,1.2,2.0,600.0,,,47.35,Zhao2024
27.19,31.93,36.9,0.8,2.0,400.0,,,61.76,Zhao2024
27.19,31.93,36.9,0.8,2.0,500.0,,,60.96,Zhao2024
27.19,31.93,36.9,0.8,2.0,600.0,,,52.32,Zhao2024
33.04,23.82,45.59,7.4,0.64,435.0,,,39.43,Zhao2024
33.04,23.82,45.59,7.4,0.64,453.0,,,44.18,Zhao2024
33.04,23.82,45.59,7.4,0.64,475.0,,,44.75,Zhao2024
33.04,23.82,45.59,7.4,0.64,490.0,,,49.4,Zhao2024
33.04,23.82,45.59,7.4,0.64,512.0,,,39.11,Zhao2024
33.04,23.82,45.59,7.4,0.64,533.0,,,37.08,Zhao2024
33.04,23.82,45.59,7.4,0.93,491.0,,,43.61,Zhao2024
33.04,23.82,45.59,7.4,0.64,492.0,,,25.79,Zhao2024
36.64,4.82,39.61,3.5,0.7,392.0,,,28.53,Zhao2024
36.64,4.82,39.61,3.5,0.7,434.0,,,31.54,Zhao2024
36.64,4.82,39.61,3.5,0.7,512.0,,,25.56,Zhao2024
30.59,30.64,20.41,5.3,0.7,487.0,,,24.8,Zhao2024
46.25,13.49,34.0,0.55,1.5,450.0,,,51.18,Zhao2024
46.25,13.49,34.0,0.55,1.5,500.0,,,48.09,Zhao2024
46.25,13.49,34.0,0.55,1.5,550.0,,,45.14,Zhao2024
46.25,13.49,34.0,0.55,1.5,600.0,,,37.57,Zhao2024
46.25,13.49,34.0,0.55,1.5,450.0,,,61.29,Zhao2024
46.25,13.49,34.0,0.55,2.4,450.0,,,57.58,Zhao2024
46.25,13.49,34.0,0.55,3.4,450.0,,,54.35,Zhao2024
41.8,28.1,30.1,0.4,0.7125,353.0,,,60.56,Zhao2024
41.8,28.1,30.1,0.4,0.7125,411.0,,,64.31,Zhao2024
41.8,28.1,30.1,0.4,0.7125,453.0,,,62.8,Zhao2024
41.8,28.1,30.1,0.4,0.7125,511.0,,,54.18,Zhao2024
41.8,28.1,30.1,0.4,1.5,412.0,,,59.62,Zhao2024
41.8,28.1,30.1,0.4,0.7125,403.0,,,62.48,Zhao2024
43.55,32.99,21.76,4.1,0.512,550.0,,,62.08,Zhao2024
43.55,32.99,21.76,4.1,0.512,500.0,,,70.41,Zhao2024
29.7,15.2,17.2,4.2,1.0,360.0,,,30.03,Zhao2024
29.7,15.2,17.2,4.2,1.0,445.0,,,38.09,Zhao2024
29.7,15.2,17.2,4.2,1.0,490.0,,,40.84,Zhao2024
29.7,15.2,17.2,4.2,1.0,540.0,,,39.72,Zhao2024
29.7,15.2,17.2,4.2,1.0,490.0,,,42.12,Zhao2024
29.7,15.2,17.2,4.2,1.5,490.0,,,37.97,Zhao2024
29.7,15.2,17.2,4.2,2.0,490.0,,,35.04,Zhao2024
42.0,34.0,24.0,1.55,0.795,500.0,,,51.95,Zhao2024
42.0,34.0,24.0,1.55,1.2,500.0,,,50.94,Zhao2024
44.8,34.1,27.5,0.2,1.5,474.0,,,67.1,Zhao2024
44.8,34.1,27.5,0.2,1.5,502.0,,,47.4,Zhao2024
44.8,34.1,27.5,0.2,1.5,562.0,,,44.7,Zhao2024
32.78,19.86,36.83,3.6,0.125,475.0,,,50.86,Zhao2024
29.7,15.2,17.2,4.25,1.0,360.0,,,30.1,Zhao2024
29.7,15.2,17.2,4.25,1.0,445.0,,,38.2,Zhao2024
29.7,15.2,17.2,4.25,1.0,490.0,,,41.6,Zhao2024
29.7,15.2,17.2,4.25,1.0,540.0,,,39.5,Zhao2024
29.7,15.2,17.2,4.25,1.0,490.0,,,37.7,Zhao2024
29.7,15.2,17.2,4.25,1.0,490.0,,,41.8,Zhao2024
29.7,15.2,17.2,4.25,1.0,490.0,,,40.8,Zhao2024
29.7,15.2,17.2,4.25,1.5,490.0,,,37.9,Zhao2024
29.7,15.2,17.2,4.25,2.0,490.0,,,34.9,Zhao2024
29.7,15.2,17.2,4.25,1.0,490.0,,,42.1,Zhao2024
41.0,26.5,25.3,1.83,0.6,350.0,,,54.4,Zhao2024
41.0,26.5,25.3,1.83,0.6,449.0,,,67.7,Zhao2024
41.0,26.5,25.3,1.83,0.6,510.0,,,60.3,Zhao2024
41.0,26.5,25.3,1.83,0.6,417.0,,,61.5,Zhao2024
41.0,26.5,25.3,1.83,0.85,410.0,,,66.4,Zhao2024
41.0,26.5,25.3,1.83,0.85,414.0,,,63.6,Zhao2024
37.8,25.3,23.3,9.55,5.0,414.0,,,44.3,Zhao2024
37.8,25.3,23.3,9.55,5.0,445.0,,,68.4,Zhao2024
37.8,25.3,23.3,9.55,5.0,491.0,,,67.9,Zhao2024
37.8,25.3,23.3,9.55,5.0,487.0,,,63.6,Zhao2024
37.8,25.3,23.3,9.55,10.0,490.0,,,60.6,Zhao2024
37.8,25.3,23.3,9.55,5.0,471.0,,,51.4,Zhao2024
32.06,28.59,29.08,1.23,2.0,400.0,,,51.92,Zhao2024
32.06,28.59,29.08,1.23,2.0,500.0,,,57.57,Zhao2024
32.06,28.59,29.08,1.23,2.0,600.0,,,30.07,Zhao2024
27.19,31.93,36.9,0.83,2.0,400.0,,,51.1,Zhao2024
27.19,31.93,36.9,0.83,2.0,500.0,,,56.96,Zhao2024
27.19,31.93,36.9,0.83,2.0,600.0,,,28.79,Zhao2024
33.04,23.82,45.59,7.4,0.64,491.0,,,43.61,Zhao2024
59.7,22.1,18.2,5.01,0.7,478.0,,,44.27,Zhao2024
36.64,4.82,39.61,3.51,0.7,392.0,,,51.13,Zhao2024
36.64,4.82,39.61,3.51,0.7,433.0,,,57.27,Zhao2024
36.64,4.82,39.61,3.51,0.7,511.0,,,46.31,Zhao2024
36.64,4.82,39.61,3.51,0.7,478.0,,,34.23,Zhao2024
30.59,30.64,20.41,5.3,0.7,478.0,,,38.65,Zhao2024
36.4,4.82,39.61,3.51,0.71,440.0,,,36.74,Zhao2024
36.4,19.5,29.3,7.65,0.42,440.0,,,46.31,Zhao2024
41.8,28.1,30.1,0.43,0.71,353.0,,,60.56,Zhao2024
41.8,28.1,30.1,0.43,0.71,411.0,,,64.31,Zhao2024
41.8,28.1,30.1,0.43,0.71,453.0,,,62.8,Zhao2024
41.8,28.1,30.1,0.43,0.71,511.0,,,54.18,Zhao2024
41.8,28.1,30.1,0.43,1.5,412.0,,,59.62,Zhao2024
41.8,28.1,30.1,0.43,0.71,403.0,,,62.48,Zhao2024
43.55,32.99,21.76,4.12,0.51,550.0,,,62.08,Zhao2024
12.26,1.13,20.87,16.28,4.0,450.0,,,42.93,Zhao2024
12.26,1.13,20.87,16.28,4.0,550.0,,,29.81,Zhao2024
16.4,43.2,40.4,1.4,0.7,350.0,,,62.7,Zhao2024
16.4,43.2,40.4,1.4,0.7,400.0,,,68.0,Zhao2024
16.4,43.2,40.4,1.4,0.7,450.0,,,69.4,Zhao2024
16.4,43.2,40.4,1.4,0.3,450.0,,,64.4,Zhao2024
16.4,43.2,40.4,1.4,1.3,450.0,,,60.4,Zhao2024
16.4,43.2,40.4,1.4,0.7,450.0,,,68.9,Zhao2024
50.4,14.3,22.8,2.23,0.7,400.0,,,47.7,Zhao2024
50.4,14.3,22.8,2.23,0.7,450.0,,,50.7,Zhao2024
50.4,14.3,22.8,2.23,0.7,500.0,,,47.2,Zhao2024
50.4,14.3,22.8,2.23,0.7,550.0,,,40.3,Zhao2024
50.4,14.3,22.8,2.23,0.3,450.0,,,45.1,Zhao2024
50.4,14.3,22.8,2.23,1.0,450.0,,,43.2,Zhao2024
50.4,14.3,22.8,2.23,0.7,450.0,,,45.9,Zhao2024
50.4,14.3,22.8,2.23,0.7,450.0,,,53.2,Zhao2024
50.4,14.3,22.8,2.23,0.7,450.0,,,59.0,Zhao2024
17.58,42.56,39.86,4.7,0.71,350.0,,,33.6,Zhao2024
17.58,42.56,39.86,4.7,0.71,400.0,,,38.9,Zhao2024
17.58,42.56,39.86,4.7,0.71,450.0,,,43.1,Zhao2024
17.58,42.56,39.86,4.7,0.71,500.0,,,40.4,Zhao2024
17.58,42.56,39.86,4.7,0.71,550.0,,,38.5,Zhao2024
17.58,42.56,39.86,4.7,0.6,450.0,,,36.8,Zhao2024
17.58,42.56,39.86,4.7,0.71,450.0,,,42.8,Zhao2024
17.58,42.56,39.86,4.7,1.0,450.0,,,45.5,Zhao2024
17.58,42.56,39.86,4.7,1.25,450.0,,,39.9,Zhao2024
58.6,13.0,20.1,0.22,0.7,400.0,,,40.8,Zhao2024
58.6,13.0,20.1,0.22,0.7,450.0,,,55.2,Zhao2024
58.6,13.0,20.1,0.22,0.7,550.0,,,39.7,Zhao2024
58.6,13.0,20.1,0.22,0.3,450.0,,,47.2,Zhao2024
58.6,13.0,20.1,0.22,1.0,450.0,,,54.2,Zhao2024
58.6,13.0,20.1,0.22,0.7,450.0,,,45.9,Zhao2024
41.6,21.6,34.0,3.12,0.71,350.0,,,28.9,Zhao2024
41.6,21.6,34.0,3.12,0.71,400.0,,,34.5,Zhao2024
41.6,21.6,34.0,3.12,0.71,450.0,,,45.2,Zhao2024
41.6,21.6,34.0,3.12,0.71,500.0,,,40.5,Zhao2024
41.6,21.6,34.0,3.12,0.71,550.0,,,35.8,Zhao2024
41.6,21.6,34.0,3.12,0.6,450.0,,,31.4,Zhao2024
41.6,21.6,34.0,3.12,1.25,450.0,,,41.7,Zhao2024
37.4,52.0,6.23,11.17,1.0,400.0,,,46.02,Zhao2024
37.4,52.0,6.23,11.17,1.0,450.0,,,50.68,Zhao2024
37.4,52.0,6.23,11.17,1.0,500.0,,,45.98,Zhao2024
37.4,52.0,6.23,11.17,1.0,550.0,,,43.08,Zhao2024
48.44,23.93,27.18,,1.6,450.0,10.0,150.0,57.8,Ortiz2021
42.11,28.03,29.08,,1.6,450.0,10.0,150.0,56.38,Ortiz2021
37.4,31.2,27.5,,1.0,800.0,5.0,200.0,51.5,Ortiz2021
37.4,31.2,27.5,,1.0,800.0,10.0,200.0,50.8,Ortiz2021
37.4,31.2,27.5,,1.0,800.0,15.0,200.0,50.5,Ortiz2021
37.4,31.2,27.5,,1.0,800.0,20.0,200.0,49.9,Ortiz2021
29.57,17.01,47.97,,0.6,400.0,10.0,0.0,26.5,Ortiz2021
29.57,17.01,47.97,,0.6,450.0,10.0,0.0,30.0,Ortiz2021
29.57,17.01,47.97,,0.6,500.0,10.0,0.0,30.0,Ortiz2021
29.57,17.01,47.97,,0.6,550.0,10.0,0.0,27.5,Ortiz2021
29.57,17.01,47.97,,0.6,400.0,50.0,0.0,41.0,Ortiz2021
29.57,17.01,47.97,,0.6,450.0,50.0,0.0,40.5,Ortiz2021
29.57,17.01,47.97,,0.6,500.0,50.0,0.0,41.5,Ortiz2021
29.57,17.01,47.97,,0.6,550.0,50.0,0.0,39.5,Ortiz2021
29.57,17.01,47.97,,0.6,500.0,50.0,50.0,40.5,Ortiz2021
29.57,17.01,47.97,,0.6,500.0,50.0,100.0,39.5,Ortiz2021
29.57,17.01,47.97,,0.6,500.0,50.0,150.0,39.0,Ortiz2021
29.57,17.01,47.97,,0.6,500.0,50.0,200.0,34.5,Ortiz2021
44.21,24.7,24.65,,0.841,350.0,20.0,20.0,20.22,Ortiz2021
44.21,24.7,24.65,,0.841,400.0,20.0,20.0,28.0,Ortiz2021
44.21,24.7,24.65,,0.841,450.0,20.0,20.0,32.33,Ortiz2021
44.21,24.7,24.65,,0.841,500.0,20.0,20.0,30.0,Ortiz2021
44.21,24.7,24.65,,0.841,550.0,20.0,20.0,29.5,Ortiz2021
44.21,24.7,24.65,,0.841,600.0,20.0,20.0,28.5,Ortiz2021
44.21,24.7,24.65,,0.25,450.0,20.0,20.0,43.66,Ortiz2021
44.21,24.7,24.65,,0.4,450.0,20.0,20.0,38.0,Ortiz2021
44.21,24.7,24.65,,0.59,450.0,20.0,20.0,35.0,Ortiz2021
44.21,24.7,24.65,,1.2,450.0,20.0,20.0,27.5,Ortiz2021
37.14,10.44,26.73,,0.85,300.0,35.0,200.0,48.0,Ortiz2021
37.14,10.44,26.73,,0.85,350.0,35.0,200.0,48.0,Ortiz2021
37.14,10.44,26.73,,0.85,400.0,35.0,200.0,52.0,Ortiz2021
37.14,10.44,26.73,,0.85,450.0,35.0,200.0,57.21,Ortiz2021
37.14,10.44,26.73,,0.85,500.0,35.0,200.0,51.0,Ortiz2021
37.14,10.44,26.73,,0.85,600.0,35.0,200.0,48.0,Ortiz2021
37.14,10.44,26.73,,0.85,700.0,35.0,200.0,46.0,Ortiz2021
37.14,10.44,26.73,,0.85,800.0,35.0,200.0,43.0,Ortiz2021
37.14,10.44,26.73,,0.85,450.0,35.0,50.0,39.0,Ortiz2021
37.14,10.44,26.73,,0.85,450.0,35.0,100.0,42.0,Ortiz2021
37.14,10.44,26.73,,0.85,450.0,35.0,150.0,44.0,Ortiz2021
37.14,10.44,26.73,,0.85,450.0,35.0,200.0,49.0,Ortiz2021
37.14,10.44,26.73,,0.85,450.0,35.0,250.0,43.0,Ortiz2021
37.14,10.44,26.73,,0.85,450.0,35.0,300.0,46.0,Ortiz2021
32.06,28.59,29.08,,2.0,300.0,5.0,25.0,47.0,Ortiz2021
32.06,28.59,29.08,,2.0,400.0,5.0,25.0,53.0,Ortiz2021
32.06,28.59,29.08,,2.0,500.0,5.0,25.0,54.25,Ortiz2021
32.06,28.59,29.08,,2.0,600.0,5.0,25.0,54.0,Ortiz2021
27.19,31.93,36.9,,2.0,300.0,5.0,25.0,46.5,Ortiz2021
27.19,31.93,36.9,,2.0,400.0,5.0,25.0,48.0,Ortiz2021
27.19,31.93,36.9,,2.0,500.0,5.0,25.0,53.5,Ortiz2021
27.19,31.93,36.9,,2.0,600.0,5.0,25.0,53.5,Ortiz2021
38.5,20.5,30.1,,0.224,350.0,10.0,100.0,31.67,Ortiz2021
38.5,20.5,30.1,,0.224,400.0,10.0,100.0,33.5,Ortiz2021
38.5,20.5,30.1,,0.224,450.0,10.0,100.0,33.95,Ortiz2021
38.5,20.5,30.1,,0.224,500.0,10.0,100.0,32.83,Ortiz2021
38.5,20.5,30.1,,0.224,550.0,10.0,100.0,31.59,Ortiz2021
38.5,20.5,30.1,,0.224,350.0,30.0,100.0,32.25,Ortiz2021
38.5,20.5,30.1,,0.224,400.0,30.0,100.0,32.9,Ortiz2021
38.5,20.5,30.1,,0.224,450.0,30.0,100.0,33.4,Ortiz2021
38.5,20.5,30.1,,0.224,500.0,30.0,100.0,33.76,Ortiz2021
38.5,20.5,30.1,,0.224,550.0,30.0,100.0,32.57,Ortiz2021
38.5,20.5,30.1,,0.224,350.0,50.0,100.0,33.41,Ortiz2021
38.5,20.5,30.1,,0.224,400.0,50.0,100.0,33.6,Ortiz2021
38.5,20.5,30.1,,0.224,450.0,50.0,100.0,33.85,Ortiz2021
38.5,20.5,30.1,,0.224,500.0,50.0,100.0,34.62,Ortiz2021
38.5,20.5,30.1,,0.224,550.0,50.0,100.0,32.91,Ortiz2021
38.5,20.5,30.1,,0.3,500.0,50.0,100.0,36.5,Ortiz2021
38.5,20.5,30.1,,0.425,500.0,50.0,100.0,32.5,Ortiz2021
38.5,20.5,30.1,,0.85,500.0,50.0,100.0,32.43,Ortiz2021
38.5,20.5,30.1,,0.224,500.0,50.0,150.0,34.5,Ortiz2021
38.5,20.5,30.1,,0.224,500.0,50.0,200.0,35.75,Ortiz2021
38.5,20.5,30.1,,0.224,500.0,50.0,250.0,33.46,Ortiz2021
41.28,22.57,26.11,,0.224,350.0,15.0,100.0,38.61,Ortiz2021
41.28,22.57,26.11,,0.224,400.0,15.0,100.0,39.73,Ortiz2021
41.28,22.57,26.11,,0.224,450.0,15.0,100.0,41.95,Ortiz2021
41.28,22.57,26.11,,0.224,500.0,15.0,100.0,43.07,Ortiz2021
41.28,22.57,26.11,,0.224,550.0,15.0,100.0,42.86,Ortiz2021
41.28,22.57,26.11,,0.224,600.0,15.0,100.0,41.04,Ortiz2021
41.28,22.57,26.11,,0.224,350.0,30.0,100.0,40.52,Ortiz2021
41.28,22.57,26.11,,0.224,400.0,30.0,100.0,42.03,Ortiz2021
41.28,22.57,26.11,,0.224,450.0,30.0,100.0,42.66,Ortiz2021
41.28,22.57,26.11,,0.224,500.0,30.0,100.0,43.55,Ortiz2021
41.28,22.57,26.11,,0.224,550.0,30.0,100.0,43.47,Ortiz2021
41.28,22.57,26.11,,0.224,600.0,30.0,100.0,41.78,Ortiz2021
41.28,22.57,26.11,,0.224,350.0,50.0,100.0,41.89,Ortiz2021
41.28,22.57,26.11,,0.224,400.0,50.0,100.0,42.56,Ortiz2021
41.28,22.57,26.11,,0.224,450.0,50.0,100.0,43.29,Ortiz2021
41.28,22.57,26.11,,0.224,500.0,50.0,100.0,45.02,Ortiz2021
41.28,22.57,26.11,,0.224,550.0,50.0,100.0,43.64,Ortiz2021
41.28,22.57,26.11,,0.224,600.0,50.0,100.0,42.37,Ortiz2021
41.28,22.57,26.11,,0.3,500.0,50.0,100.0,44.75,Ortiz2021
41.28,22.57,26.11,,0.425,500.0,50.0,100.0,44.0,Ortiz2021
41.28,22.57,26.11,,0.85,500.0,50.0,100.0,43.29,Ortiz2021
41.28,22.57,26.11,,0.224,500.0,50.0,150.0,46.0,Ortiz2021
41.28,22.57,26.11,,0.224,500.0,50.0,200.0,46.87,Ortiz2021
41.28,22.57,26.11,,0.224,500.0,50.0,250.0,43.5,Ortiz2021
41.28,22.57,26.11,,0.224,500.0,50.0,300.0,42.56,Ortiz2021
43.0,17.0,28.0,,1.0,400.0,7.0,0.0,18.52,Ortiz2021
43.0,17.0,28.0,,1.0,450.0,7.0,0.0,20.8,Ortiz2021
43.0,17.0,28.0,,1.0,500.0,7.0,0.0,21.75,Ortiz2021
43.0,17.0,28.0,,1.0,550.0,7.0,0.0,22.04,Ortiz2021
43.0,17.0,28.0,,1.0,600.0,7.0,0.0,20.5,Ortiz2021
43.0,17.0,28.0,,1.0,550.0,15.0,0.0,22.13,Ortiz2021
43.0,17.0,28.0,,1.0,550.0,30.0,0.0,22.67,Ortiz2021
43.0,17.0,28.0,,1.0,550.0,50.0,0.0,22.9,Ortiz2021
43.0,17.0,28.0,,1.0,550.0,50.0,50.0,23.9,Ortiz2021
43.0,17.0,28.0,,1.0,550.0,50.0,100.0,24.67,Ortiz2021
43.0,17.0,28.0,,1.0,550.0,50.0,150.0,22.73,Ortiz2021
56.31,17.47,23.91,,0.5,500.0,5.0,50.0,23.33,Ortiz2021
56.31,17.47,23.91,,0.5,700.0,5.0,50.0,15.11,Ortiz2021
56.31,17.47,23.91,,0.5,900.0,5.0,50.0,13.33,Ortiz2021
22.84,44.01,27.61,,0.42,350.0,10.0,100.0,26.5,Ortiz2021
22.84,44.01,27.61,,0.42,400.0,10.0,100.0,30.5,Ortiz2021
22.84,44.01,27.61,,0.42,450.0,10.0,100.0,32.5,Ortiz2021
22.84,44.01,27.61,,0.42,500.0,10.0,100.0,34.5,Ortiz2021
22.84,44.01,27.61,,0.42,550.0,10.0,100.0,32.0,Ortiz2021
22.84,44.01,27.61,,0.42,600.0,10.0,100.0,31.5,Ortiz2021
22.84,44.01,27.61,,0.85,350.0,10.0,100.0,26.5,Ortiz2021
22.84,44.01,27.61,,0.85,400.0,10.0,100.0,31.25,Ortiz2021
22.84,44.01,27.61,,0.85,450.0,10.0,100.0,32.0,Ortiz2021
22.84,44.01,27.61,,0.85,500.0,10.0,100.0,35.25,Ortiz2021
22.84,44.01,27.61,,0.85,550.0,10.0,100.0,35.0,Ortiz2021
22.84,44.01,27.61,,0.85,600.0,10.0,100.0,33.0,Ortiz2021
22.84,44.01,27.61,,1.6,350.0,10.0,100.0,26.5,Ortiz2021
22.84,44.01,27.61,,1.6,400.0,10.0,100.0,26.75,Ortiz2021
22.84,44.01,27.61,,1.6,450.0,10.0,100.0,32.25,Ortiz2021
22.84,44.01,27.61,,1.6,500.0,10.0,100.0,34.25,Ortiz2021
22.84,44.01,27.61,,1.6,550.0,10.0,100.0,31.75,Ortiz2021
22.84,44.01,27.61,,1.6,600.0,10.0,100.0,30.25,Ortiz2021
22.84,44.01,27.61,,0.85,500.0,10.0,50.0,34.75,Ortiz2021
22.84,44.01,27.61,,0.85,500.0,10.0,200.0,35.75,Ortiz2021
22.84,44.01,27.61,,0.85,500.0,10.0,300.0,34.0,Ortiz2021
22.84,44.01,27.61,,0.85,500.0,10.0,400.0,33.0,Ortiz2021
32.4,7.9,29.0,,1.0,450.0,20.0,30.0,56.0,Ortiz2021
32.4,7.9,29.0,,1.0,475.0,20.0,30.0,56.5,Ortiz2021
32.4,7.9,29.0,,1.0,500.0,20.0,30.0,57.5,Ortiz2021
32.4,7.9,29.0,,1.0,525.0,20.0,30.0,62.5,Ortiz2021
32.4,7.9,29.0,,1.0,550.0,20.0,30.0,60.25,Ortiz2021
32.4,7.9,29.0,,1.0,575.0,20.0,30.0,59.0,Ortiz2021
32.4,7.9,29.0,,1.0,600.0,20.0,30.0,57.0,Ortiz2021
34.03,26.55,7.61,,0.5,400.0,80.0,100.0,39.45,Ortiz2021
34.03,26.55,7.61,,0.5,450.0,80.0,100.0,42.56,Ortiz2021
34.03,26.55,7.61,,0.5,500.0,80.0,100.0,45.22,Ortiz2021
34.03,26.55,7.61,,0.5,550.0,80.0,100.0,42.0,Ortiz2021
34.03,26.55,7.61,,0.5,600.0,80.0,100.0,37.0,Ortiz2021
34.03,26.55,7.61,,0.5,500.0,50.0,100.0,41.16,Ortiz2021
34.03,26.55,7.61,,0.5,500.0,100.0,100.0,43.65,Ortiz2021
34.03,26.55,7.61,,0.5,500.0,120.0,100.0,39.12,Ortiz2021
34.03,26.55,7.61,,1.0,500.0,80.0,100.0,39.21,Ortiz2021
34.03,26.55,7.61,,1.5,500.0,80.0,100.0,41.52,Ortiz2021
21.11,36.55,17.1,,0.25,600.0,200.0,100.0,50.2,Ortiz2021
21.11,36.55,17.1,,0.25,600.0,200.0,200.0,48.0,Ortiz2021
21.11,36.55,17.1,,0.25,600.0,200.0,300.0,46.0,Ortiz2021
21.11,36.55,17.1,,0.25,600.0,200.0,400.0,45.0,Ortiz2021
21.11,36.55,17.1,,0.425,600.0,200.0,100.0,47.0,Ortiz2021
21.11,36.55,17.1,,1.0,600.0,200.0,100.0,46.0,Ortiz2021
21.11,36.55,17.1,,2.0,600.0,200.0,100.0,49.0,Ortiz2021
38.8,19.8,27.0,,2.0,550.0,30.0,20.0,27.49,Ortiz2021
38.8,19.8,27.0,,2.0,550.0,30.0,30.0,31.53,Ortiz2021
38.8,19.8,27.0,,2.0,550.0,30.0,40.0,29.6,Ortiz2021
38.8,19.8,27.0,,2.0,550.0,30.0,50.0,28.5,Ortiz2021
38.8,19.8,27.0,,2.0,550.0,30.0,60.0,26.25,Ortiz2021
38.8,19.8,27.0,,2.0,450.0,30.0,30.0,27.7,Ortiz2021
38.8,19.8,27.0,,2.0,600.0,30.0,30.0,32.26,Ortiz2021
38.8,19.8,27.0,,2.0,650.0,30.0,30.0,31.97,Ortiz2021
34.44,23.94,35.89,,2.0,600.0,10.0,2000.0,40.87,Ortiz2021
50.33,23.18,21.7,,2.0,500.0,10.0,2000.0,43.5,Ortiz2021
32.49,22.97,2.0,,2.0,500.0,10.0,2000.0,16.58,Ortiz2021
46.1,23.17,29.31,,2.0,500.0,10.0,2000.0,29.02,Ortiz2021
42.0,14.7,36.0,,0.85,350.0,7.0,0.0,29.5,Ortiz2021
42.0,14.7,36.0,,0.85,400.0,7.0,0.0,33.5,Ortiz2021
42.0,14.7,36.0,,0.85,500.0,7.0,0.0,36.0,Ortiz2021
42.0,14.7,36.0,,0.85,550.0,7.0,0.0,35.0,Ortiz2021
42.0,14.7,36.0,,0.85,700.0,7.0,0.0,33.5,Ortiz2021
42.0,14.7,36.0,,0.85,350.0,40.0,0.0,29.0,Ortiz2021
42.0,14.7,36.0,,0.85,400.0,40.0,0.0,33.5,Ortiz2021
42.0,14.7,36.0,,0.85,500.0,40.0,0.0,34.5,Ortiz2021
42.0,14.7,36.0,,0.85,550.0,40.0,0.0,35.5,Ortiz2021
42.0,14.7,36.0,,0.85,700.0,40.0,0.0,33.25,Ortiz2021
28.98,31.7,9.52,,0.425,350.0,25.0,100.0,21.5,Ortiz2021
28.98,31.7,9.52,,0.425,375.0,25.0,100.0,22.5,Ortiz2021
28.98,31.7,9.52,,0.425,400.0,25.0,100.0,23.0,Ortiz2021
28.98,31.7,9.52,,0.425,425.0,25.0,100.0,24.5,Ortiz2021
28.98,31.7,9.52,,0.425,450.0,25.0,100.0,26.5,Ortiz2021
28.98,31.7,9.52,,0.425,475.0,25.0,100.0,28.0,Ortiz2021
28.98,31.7,9.52,,0.425,500.0,25.0,100.0,30.0,Ortiz2021
28.98,31.7,9.52,,0.425,525.0,25.0,100.0,33.04,Ortiz2021
28.98,31.7,9.52,,0.425,550.0,25.0,100.0,33.0,Ortiz2021
28.98,31.7,9.52,,0.425,575.0,25.0,100.0,30.5,Ortiz2021
28.98,31.7,9.52,,0.425,600.0,25.0,100.0,30.5,Ortiz2021
28.98,31.7,9.52,,0.425,525.0,50.0,100.0,35.0,Ortiz2021
28.98,31.7,9.52,,0.425,525.0,75.0,100.0,38.78,Ortiz2021
28.98,31.7,9.52,,0.425,525.0,100.0,100.0,37.25,Ortiz2021
28.98,31.7,9.52,,0.425,525.0,75.0,200.0,39.78,Ortiz2021
28.98,31.7,9.52,,0.425,525.0,75.0,300.0,37.5,Ortiz2021
28.98,31.7,9.52,,0.425,525.0,75.0,400.0,36.0,Ortiz2021
28.98,31.7,9.52,,0.425,525.0,75.0,500.0,33.5,Ortiz2021
44.25,24.79,22.61,,1.0,350.0,10.0,100.0,43.5,Ortiz2021
44.25,24.79,22.61,,1.0,400.0,10.0,100.0,42.5,Ortiz2021
44.25,24.79,22.61,,1.0,450.0,10.0,100.0,44.5,Ortiz2021
44.25,24.79,22.61,,1.0,500.0,10.0,100.0,45.5,Ortiz2021
44.25,24.79,22.61,,1.0,550.0,10.0,100.0,45.5,Ortiz2021
44.25,24.79,22.61,,1.0,600.0,10.0,100.0,45.25,Ortiz2021
44.25,24.79,22.61,,1.0,350.0,50.0,100.0,48.0,Ortiz2021
44.25,24.79,22.61,,1.0,400.0,50.0,100.0,47.0,Ortiz2021
44.25,24.79,22.61,,1.0,450.0,50.0,100.0,49.5,Ortiz2021
44.25,24.79,22.61,,1.0,500.0,50.0,100.0,50.75,Ortiz2021
44.25,24.79,22.61,,1.0,550.0,50.0,100.0,49.7,Ortiz2021
44.25,24.79,22.61,,1.0,600.0,50.0,100.0,48.0,Ortiz2021
44.25,24.79,22.61,,0.425,500.0,50.0,0.0,51.0,Ortiz2021
44.25,24.79,22.61,,1.0,500.0,50.0,0.0,51.0,Ortiz2021
44.25,24.79,22.61,,1.8,500.0,50.0,0.0,49.0,Ortiz2021
44.25,24.79,22.61,,1.0,500.0,50.0,100.0,54.25,Ortiz2021
44.25,24.79,22.61,,1.0,500.0,50.0,200.0,52.5,Ortiz2021
44.25,24.79,22.61,,1.0,500.0,50.0,300.0,50.0,Ortiz2021
29.2,35.9,23.32,,0.2,500.0,40.0,50.0,27.4,Ortiz2021
29.2,35.9,23.32,,0.2,500.0,40.0,100.0,31.47,Ortiz2021
29.2,35.9,23.32,,0.2,500.0,40.0,150.0,31.8,Ortiz2021
29.2,35.9,23.32,,0.2,500.0,40.0,200.0,29.02,Ortiz2021
29.2,35.9,23.32,,0.2,500.0,40.0,250.0,25.68,Ortiz2021
34.5,29.1,31.7,,1.0,350.0,10.0,100.0,25.81,Ortiz2021
34.5,29.1,31.7,,1.0,400.0,10.0,100.0,30.0,Ortiz2021
34.5,29.1,31.7,,1.0,450.0,10.0,100.0,35.0,Ortiz2021
34.5,29.1,31.7,,1.0,500.0,10.0,100.0,36.0,Ortiz2021
34.5,29.1,31.7,,1.0,550.0,10.0,100.0,42.35,Ortiz2021
34.5,29.1,31.7,,1.0,600.0,10.0,100.0,41.0,Ortiz2021
34.5,29.1,31.7,,1.0,650.0,10.0,100.0,39.12,Ortiz2021
34.5,29.1,31.7,,1.0,350.0,50.0,100.0,27.12,Ortiz2021
34.5,29.1,31.7,,1.0,400.0,50.0,100.0,30.0,Ortiz2021
34.5,29.1,31.7,,1.0,450.0,50.0,100.0,35.0,Ortiz2021
34.5,29.1,31.7,,1.0,500.0,50.0,100.0,38.0,Ortiz2021
34.5,29.1,31.7,,1.0,550.0,50.0,100.0,43.76,Ortiz2021
34.5,29.1,31.7,,1.0,600.0,50.0,100.0,42.0,Ortiz2021
34.5,29.1,31.7,,1.0,650.0,50.0,100.0,39.42,Ortiz2021
34.5,29.1,31.7,,0.25,550.0,50.0,100.0,39.17,Ortiz2021
34.5,29.1,31.7,,0.6,550.0,50.0,100.0,40.75,Ortiz2021
34.5,29.1,31.7,,1.7,550.0,50.0,100.0,40.75,Ortiz2021
34.5,29.1,31.7,,1.0,550.0,50.0,50.0,40.12,Ortiz2021
34.5,29.1,31.7,,1.0,550.0,50.0,150.0,42.25,Ortiz2021
34.5,29.1,31.7,,1.0,550.0,50.0,200.0,40.03,Ortiz2021
26.98,25.52,39.67,,3.2,400.0,5.0,30.0,42.2,Ortiz2021
26.98,25.52,39.67,,3.2,500.0,5.0,30.0,54.04,Ortiz2021
26.98,25.52,39.67,,3.2,600.0,5.0,30.0,54.2,Ortiz2021
26.98,25.52,39.67,,3.2,800.0,5.0,30.0,52.07,Ortiz2021
46.66,13.12,0.8,,0.81,400.0,5.0,0.0,50.86,Ortiz2021
46.66,13.12,0.8,,0.81,450.0,5.0,0.0,53.25,Ortiz2021
46.66,13.12,0.8,,0.81,500.0,5.0,0.0,55.5,Ortiz2021
46.66,13.12,0.8,,0.81,550.0,5.0,0.0,57.27,Ortiz2021
46.66,13.12,0.8,,0.81,600.0,5.0,0.0,56.0,Ortiz2021
46.66,13.12,0.8,,0.81,700.0,5.0,0.0,57.1,Ortiz2021
46.66,13.12,0.8,,0.81,550.0,5.0,50.0,43.5,Ortiz2021
46.66,13.12,0.8,,0.81,550.0,5.0,100.0,41.75,Ortiz2021
46.66,13.12,0.8,,0.81,550.0,5.0,200.0,46.11,Ortiz2021
46.66,13.12,0.8,,0.81,550.0,5.0,400.0,34.5,Ortiz2021
28.52,41.48,4.91,,2.0,400.0,20.0,100.0,46.8,Ortiz2021
28.52,41.48,4.91,,2.0,450.0,20.0,100.0,47.3,Ortiz2021
28.52,41.48,4.91,,2.0,500.0,20.0,100.0,48.7,Ortiz2021
28.52,41.48,4.91,,2.0,550.0,20.0,100.0,45.8,Ortiz2021
28.52,41.48,4.91,,2.0,600.0,20.0,100.0,44.6,Ortiz2021
28.52,41.48,4.91,,2.0,650.0,20.0,100.0,41.4,Ortiz2021
28.52,41.48,4.91,,2.0,700.0,20.0,100.0,39.8,Ortiz2021
28.52,41.48,4.91,,0.5,500.0,20.0,100.0,43.4,Ortiz2021
28.52,41.48,4.91,,1.0,500.0,20.0,100.0,42.2,Ortiz2021
28.52,41.48,4.91,,1.5,500.0,20.0,100.0,41.8,Ortiz2021
28.52,41.48,4.91,,2.0,500.0,20.0,100.0,41.5,Ortiz2021
28.52,41.48,4.91,,0.5,500.0,20.0,100.0,44.5,Ortiz2021
28.52,41.48,4.91,,0.5,500.0,20.0,150.0,44.05,Ortiz2021
28.52,41.48,4.91,,0.5,500.0,20.0,200.0,42.3,Ortiz2021
28.52,41.48,4.91,,0.5,500.0,20.0,250.0,40.1,Ortiz2021
28.52,41.48,4.91,,0.5,500.0,20.0,300.0,37.6,Ortiz2021
28.52,41.48,4.91,,0.5,500.0,20.0,350.0,34.8,Ortiz2021
28.52,41.48,4.91,,0.5,500.0,20.0,400.0,31.7,Ortiz2021
28.58,41.4,4.99,,2.0,400.0,5.0,30.0,53.9,Ortiz2021
28.58,41.4,4.99,,2.0,450.0,5.0,30.0,57.96,Ortiz2021
28.58,41.4,4.99,,2.0,500.0,5.0,30.0,58.59,Ortiz2021
28.58,41.4,4.99,,2.0,700.0,5.0,30.0,55.52,Ortiz2021
28.58,41.4,4.99,,2.0,900.0,5.0,30.0,55.84,Ortiz2021
41.52,14.04,33.67,,0.849,450.0,25.0,50.0,39.61,Ortiz2021
27.2,18.6,28.9,,1.25,400.0,100.0,100.0,45.0,Ortiz2021
27.2,18.6,28.9,,1.25,500.0,100.0,100.0,52.5,Ortiz2021
27.2,18.6,28.9,,1.25,550.0,100.0,100.0,56.0,Ortiz2021
27.2,18.6,28.9,,1.25,600.0,100.0,100.0,57.0,Ortiz2021
27.2,18.6,28.9,,1.25,700.0,100.0,100.0,53.5,Ortiz2021
27.2,18.6,28.9,,1.25,400.0,300.0,100.0,48.5,Ortiz2021
27.2,18.6,28.9,,1.25,500.0,300.0,100.0,56.0,Ortiz2021
27.2,18.6,28.9,,1.25,550.0,300.0,100.0,59.0,Ortiz2021
27.2,18.6,28.9,,1.25,600.0,300.0,100.0,59.0,Ortiz2021
27.2,18.6,28.9,,1.25,700.0,300.0,100.0,56.5,Ortiz2021
27.2,18.6,28.9,,1.25,400.0,800.0,100.0,49.5,Ortiz2021
27.2,18.6,28.9,,1.25,500.0,800.0,100.0,58.5,Ortiz2021
27.2,18.6,28.9,,1.25,550.0,800.0,100.0,58.25,Ortiz2021
27.2,18.6,28.9,,1.25,600.0,800.0,100.0,59.5,Ortiz2021
27.2,18.6,28.9,,1.25,700.0,800.0,100.0,57.5,Ortiz2021
27.2,18.6,28.9,,1.25,600.0,300.0,50.0,56.25,Ortiz2021
27.2,18.6,28.9,,1.25,600.0,300.0,200.0,58.0,Ortiz2021
27.2,18.6,28.9,,1.25,600.0,300.0,400.0,57.0,Ortiz2021
40.0,16.0,26.7,,1.8,500.0,50.0,50.0,54.0,Ortiz2021
40.0,16.0,26.7,,1.8,500.0,50.0,100.0,55.5,Ortiz2021
40.0,16.0,26.7,,1.8,500.0,50.0,150.0,53.5,Ortiz2021
40.0,16.0,26.7,,1.8,500.0,50.0,200.0,52.5,Ortiz2021
47.6,39.0,11.2,,0.6,350.0,10.0,100.0,29.41,Ortiz2021
47.6,39.0,11.2,,0.6,400.0,10.0,100.0,33.0,Ortiz2021
47.6,39.0,11.2,,0.6,450.0,10.0,100.0,38.0,Ortiz2021
47.6,39.0,11.2,,0.6,500.0,10.0,100.0,42.29,Ortiz2021
47.6,39.0,11.2,,0.6,550.0,10.0,100.0,40.0,Ortiz2021
47.6,39.0,11.2,,0.6,600.0,10.0,100.0,39.5,Ortiz2021
47.6,39.0,11.2,,0.6,650.0,10.0,100.0,38.82,Ortiz2021
47.6,39.0,11.2,,0.6,350.0,50.0,100.0,31.25,Ortiz2021
47.6,39.0,11.2,,0.6,400.0,50.0,100.0,35.0,Ortiz2021
47.6,39.0,11.2,,0.6,450.0,50.0,100.0,41.0,Ortiz2021
47.6,39.0,11.2,,0.6,500.0,50.0,100.0,45.23,Ortiz2021
47.6,39.0,11.2,,0.6,550.0,50.0,100.0,44.5,Ortiz2021
47.6,39.0,11.2,,0.6,600.0,50.0,100.0,42.5,Ortiz2021
47.6,39.0,11.2,,0.6,650.0,50.0,100.0,40.39,Ortiz2021
47.6,39.0,11.2,,0.25,500.0,50.0,100.0,37.75,Ortiz2021
47.6,39.0,11.2,,0.5,500.0,50.0,100.0,40.0,Ortiz2021
47.6,39.0,11.2,,0.6,500.0,50.0,100.0,44.95,Ortiz2021
47.6,39.0,11.2,,1.0,500.0,50.0,100.0,43.0,Ortiz2021
47.6,39.0,11.2,,1.7,500.0,50.0,100.0,41.23,Ortiz2021
47.6,39.0,11.2,,0.6,500.0,50.0,50.0,39.53,Ortiz2021
47.6,39.0,11.2,,0.6,500.0,50.0,150.0,45.0,Ortiz2021
47.6,39.0,11.2,,0.6,500.0,50.0,200.0,41.89,Ortiz2021
16.11,44.25,9.2,,0.85,400.0,7.0,50.0,35.25,Ortiz2021
16.11,44.25,9.2,,0.85,500.0,7.0,50.0,36.5,Ortiz2021
16.11,44.25,9.2,,0.85,550.0,7.0,50.0,39.3,Ortiz2021
16.11,44.25,9.2,,0.85,700.0,7.0,50.0,39.5,Ortiz2021
16.11,44.25,9.2,,0.85,400.0,7.0,100.0,35.5,Ortiz2021
16.11,44.25,9.2,,0.85,500.0,7.0,100.0,40.5,Ortiz2021
16.11,44.25,9.2,,0.85,550.0,7.0,100.0,42.75,Ortiz2021
16.11,44.25,9.2,,0.85,700.0,7.0,100.0,40.75,Ortiz2021
16.11,44.25,9.2,,0.85,400.0,7.0,200.0,35.5,Ortiz2021
16.11,44.25,9.2,,0.85,500.0,7.0,200.0,40.0,Ortiz2021
16.11,44.25,9.2,,0.85,550.0,7.0,200.0,42.0,Ortiz2021
16.11,44.25,9.2,,0.85,700.0,7.0,200.0,36.5,Ortiz2021
16.11,44.25,9.2,,0.85,400.0,7.0,400.0,35.3,Ortiz2021
16.11,44.25,9.2,,0.85,500.0,7.0,400.0,37.5,Ortiz2021
16.11,44.25,9.2,,0.85,550.0,7.0,400.0,39.5,Ortiz2021
16.11,44.25,9.2,,0.85,700.0,7.0,400.0,37.5,Ortiz2021
16.11,44.25,9.2,,0.85,400.0,300.0,100.0,41.25,Ortiz2021
16.11,44.25,9.2,,0.85,500.0,300.0,100.0,46.25,Ortiz2021
16.11,44.25,9.2,,0.85,550.0,300.0,100.0,48.0,Ortiz2021
16.11,44.25,9.2,,0.85,700.0,300.0,100.0,46.7,Ortiz2021
